--
-- PostgreSQL database dump
--

-- Dumped from database version 15.10 (Debian 15.10-1.pgdg120+1)
-- Dumped by pg_dump version 15.10 (Debian 15.10-1.pgdg120+1)

SET statement_timeout = 0;
SET lock_timeout = 0;
SET idle_in_transaction_session_timeout = 0;
SET client_encoding = 'UTF8';
SET standard_conforming_strings = on;
SELECT pg_catalog.set_config('search_path', '', false);
SET check_function_bodies = false;
SET xmloption = content;
SET client_min_messages = warning;
SET row_security = off;

SET default_tablespace = '';

SET default_table_access_method = heap;

--
-- Name: account_emailaddress; Type: TABLE; Schema: public; Owner: postgresuser
--

CREATE TABLE public.account_emailaddress (
    id integer NOT NULL,
    email character varying(254) NOT NULL,
    verified boolean NOT NULL,
    "primary" boolean NOT NULL,
    user_id uuid NOT NULL
);


ALTER TABLE public.account_emailaddress OWNER TO postgresuser;

--
-- Name: account_emailaddress_id_seq; Type: SEQUENCE; Schema: public; Owner: postgresuser
--

ALTER TABLE public.account_emailaddress ALTER COLUMN id ADD GENERATED BY DEFAULT AS IDENTITY (
    SEQUENCE NAME public.account_emailaddress_id_seq
    START WITH 1
    INCREMENT BY 1
    NO MINVALUE
    NO MAXVALUE
    CACHE 1
);


--
-- Name: account_emailconfirmation; Type: TABLE; Schema: public; Owner: postgresuser
--

CREATE TABLE public.account_emailconfirmation (
    id integer NOT NULL,
    created timestamp with time zone NOT NULL,
    sent timestamp with time zone,
    key character varying(64) NOT NULL,
    email_address_id integer NOT NULL
);


ALTER TABLE public.account_emailconfirmation OWNER TO postgresuser;

--
-- Name: account_emailconfirmation_id_seq; Type: SEQUENCE; Schema: public; Owner: postgresuser
--

ALTER TABLE public.account_emailconfirmation ALTER COLUMN id ADD GENERATED BY DEFAULT AS IDENTITY (
    SEQUENCE NAME public.account_emailconfirmation_id_seq
    START WITH 1
    INCREMENT BY 1
    NO MINVALUE
    NO MAXVALUE
    CACHE 1
);


--
-- Name: auth_group; Type: TABLE; Schema: public; Owner: postgresuser
--

CREATE TABLE public.auth_group (
    id integer NOT NULL,
    name character varying(150) NOT NULL
);


ALTER TABLE public.auth_group OWNER TO postgresuser;

--
-- Name: auth_group_id_seq; Type: SEQUENCE; Schema: public; Owner: postgresuser
--

ALTER TABLE public.auth_group ALTER COLUMN id ADD GENERATED BY DEFAULT AS IDENTITY (
    SEQUENCE NAME public.auth_group_id_seq
    START WITH 1
    INCREMENT BY 1
    NO MINVALUE
    NO MAXVALUE
    CACHE 1
);


--
-- Name: auth_group_permissions; Type: TABLE; Schema: public; Owner: postgresuser
--

CREATE TABLE public.auth_group_permissions (
    id bigint NOT NULL,
    group_id integer NOT NULL,
    permission_id integer NOT NULL
);


ALTER TABLE public.auth_group_permissions OWNER TO postgresuser;

--
-- Name: auth_group_permissions_id_seq; Type: SEQUENCE; Schema: public; Owner: postgresuser
--

ALTER TABLE public.auth_group_permissions ALTER COLUMN id ADD GENERATED BY DEFAULT AS IDENTITY (
    SEQUENCE NAME public.auth_group_permissions_id_seq
    START WITH 1
    INCREMENT BY 1
    NO MINVALUE
    NO MAXVALUE
    CACHE 1
);


--
-- Name: auth_permission; Type: TABLE; Schema: public; Owner: postgresuser
--

CREATE TABLE public.auth_permission (
    id integer NOT NULL,
    name character varying(255) NOT NULL,
    content_type_id integer NOT NULL,
    codename character varying(100) NOT NULL
);


ALTER TABLE public.auth_permission OWNER TO postgresuser;

--
-- Name: auth_permission_id_seq; Type: SEQUENCE; Schema: public; Owner: postgresuser
--

ALTER TABLE public.auth_permission ALTER COLUMN id ADD GENERATED BY DEFAULT AS IDENTITY (
    SEQUENCE NAME public.auth_permission_id_seq
    START WITH 1
    INCREMENT BY 1
    NO MINVALUE
    NO MAXVALUE
    CACHE 1
);


--
-- Name: authtoken_token; Type: TABLE; Schema: public; Owner: postgresuser
--

CREATE TABLE public.authtoken_token (
    key character varying(40) NOT NULL,
    created timestamp with time zone NOT NULL,
    user_id uuid NOT NULL
);


ALTER TABLE public.authtoken_token OWNER TO postgresuser;

--
-- Name: chat_conversation; Type: TABLE; Schema: public; Owner: postgresuser
--

CREATE TABLE public.chat_conversation (
    id uuid NOT NULL,
    created_at timestamp with time zone NOT NULL,
    modified_at timestamp with time zone NOT NULL
);


ALTER TABLE public.chat_conversation OWNER TO postgresuser;

--
-- Name: chat_conversation_users; Type: TABLE; Schema: public; Owner: postgresuser
--

CREATE TABLE public.chat_conversation_users (
    id bigint NOT NULL,
    conversation_id uuid NOT NULL,
    user_id uuid NOT NULL
);


ALTER TABLE public.chat_conversation_users OWNER TO postgresuser;

--
-- Name: chat_conversation_users_id_seq; Type: SEQUENCE; Schema: public; Owner: postgresuser
--

ALTER TABLE public.chat_conversation_users ALTER COLUMN id ADD GENERATED BY DEFAULT AS IDENTITY (
    SEQUENCE NAME public.chat_conversation_users_id_seq
    START WITH 1
    INCREMENT BY 1
    NO MINVALUE
    NO MAXVALUE
    CACHE 1
);


--
-- Name: django_admin_log; Type: TABLE; Schema: public; Owner: postgresuser
--

CREATE TABLE public.django_admin_log (
    id integer NOT NULL,
    action_time timestamp with time zone NOT NULL,
    object_id text,
    object_repr character varying(200) NOT NULL,
    action_flag smallint NOT NULL,
    change_message text NOT NULL,
    content_type_id integer,
    user_id uuid NOT NULL,
    CONSTRAINT django_admin_log_action_flag_check CHECK ((action_flag >= 0))
);


ALTER TABLE public.django_admin_log OWNER TO postgresuser;

--
-- Name: django_admin_log_id_seq; Type: SEQUENCE; Schema: public; Owner: postgresuser
--

ALTER TABLE public.django_admin_log ALTER COLUMN id ADD GENERATED BY DEFAULT AS IDENTITY (
    SEQUENCE NAME public.django_admin_log_id_seq
    START WITH 1
    INCREMENT BY 1
    NO MINVALUE
    NO MAXVALUE
    CACHE 1
);


--
-- Name: django_content_type; Type: TABLE; Schema: public; Owner: postgresuser
--

CREATE TABLE public.django_content_type (
    id integer NOT NULL,
    app_label character varying(100) NOT NULL,
    model character varying(100) NOT NULL
);


ALTER TABLE public.django_content_type OWNER TO postgresuser;

--
-- Name: django_content_type_id_seq; Type: SEQUENCE; Schema: public; Owner: postgresuser
--

ALTER TABLE public.django_content_type ALTER COLUMN id ADD GENERATED BY DEFAULT AS IDENTITY (
    SEQUENCE NAME public.django_content_type_id_seq
    START WITH 1
    INCREMENT BY 1
    NO MINVALUE
    NO MAXVALUE
    CACHE 1
);


--
-- Name: django_migrations; Type: TABLE; Schema: public; Owner: postgresuser
--

CREATE TABLE public.django_migrations (
    id bigint NOT NULL,
    app character varying(255) NOT NULL,
    name character varying(255) NOT NULL,
    applied timestamp with time zone NOT NULL
);


ALTER TABLE public.django_migrations OWNER TO postgresuser;

--
-- Name: django_migrations_id_seq; Type: SEQUENCE; Schema: public; Owner: postgresuser
--

ALTER TABLE public.django_migrations ALTER COLUMN id ADD GENERATED BY DEFAULT AS IDENTITY (
    SEQUENCE NAME public.django_migrations_id_seq
    START WITH 1
    INCREMENT BY 1
    NO MINVALUE
    NO MAXVALUE
    CACHE 1
);


--
-- Name: django_session; Type: TABLE; Schema: public; Owner: postgresuser
--

CREATE TABLE public.django_session (
    session_key character varying(40) NOT NULL,
    session_data text NOT NULL,
    expire_date timestamp with time zone NOT NULL
);


ALTER TABLE public.django_session OWNER TO postgresuser;

--
-- Name: property_property; Type: TABLE; Schema: public; Owner: postgresuser
--

CREATE TABLE public.property_property (
    id uuid NOT NULL,
    title character varying(255) NOT NULL,
    description text NOT NULL,
    price_per_night integer NOT NULL,
    bedrooms integer NOT NULL,
    guests integer NOT NULL,
    country character varying(255) NOT NULL,
    country_code character varying(10) NOT NULL,
    category character varying(255) NOT NULL,
    image character varying(100) NOT NULL,
    created_at timestamp with time zone NOT NULL,
    landlord_id uuid NOT NULL,
    bathrooms integer NOT NULL
);


ALTER TABLE public.property_property OWNER TO postgresuser;

--
-- Name: property_property_favorited; Type: TABLE; Schema: public; Owner: postgresuser
--

CREATE TABLE public.property_property_favorited (
    id bigint NOT NULL,
    property_id uuid NOT NULL,
    user_id uuid NOT NULL
);


ALTER TABLE public.property_property_favorited OWNER TO postgresuser;

--
-- Name: property_property_favorited_id_seq; Type: SEQUENCE; Schema: public; Owner: postgresuser
--

ALTER TABLE public.property_property_favorited ALTER COLUMN id ADD GENERATED BY DEFAULT AS IDENTITY (
    SEQUENCE NAME public.property_property_favorited_id_seq
    START WITH 1
    INCREMENT BY 1
    NO MINVALUE
    NO MAXVALUE
    CACHE 1
);


--
-- Name: property_propertyimage; Type: TABLE; Schema: public; Owner: postgresuser
--

CREATE TABLE public.property_propertyimage (
    id uuid NOT NULL,
    image character varying(100),
    created_at timestamp with time zone NOT NULL,
    property_id uuid NOT NULL
);


ALTER TABLE public.property_propertyimage OWNER TO postgresuser;

--
-- Name: property_reservation; Type: TABLE; Schema: public; Owner: postgresuser
--

CREATE TABLE public.property_reservation (
    id uuid NOT NULL,
    start_date timestamp with time zone NOT NULL,
    end_date timestamp with time zone NOT NULL,
    number_of_nights integer NOT NULL,
    guests integer NOT NULL,
    total_price double precision NOT NULL,
    created_at timestamp with time zone NOT NULL,
    created_by_id uuid NOT NULL,
    property_id uuid NOT NULL
);


ALTER TABLE public.property_reservation OWNER TO postgresuser;

--
-- Name: useraccount_user; Type: TABLE; Schema: public; Owner: postgresuser
--

CREATE TABLE public.useraccount_user (
    password character varying(128) NOT NULL,
    id uuid NOT NULL,
    email character varying(254) NOT NULL,
    name character varying(255),
    avatar character varying(100),
    is_active boolean NOT NULL,
    is_superuser boolean NOT NULL,
    is_staff boolean NOT NULL,
    date_joined timestamp with time zone NOT NULL,
    last_login timestamp with time zone
);


ALTER TABLE public.useraccount_user OWNER TO postgresuser;

--
-- Name: useraccount_user_groups; Type: TABLE; Schema: public; Owner: postgresuser
--

CREATE TABLE public.useraccount_user_groups (
    id bigint NOT NULL,
    user_id uuid NOT NULL,
    group_id integer NOT NULL
);


ALTER TABLE public.useraccount_user_groups OWNER TO postgresuser;

--
-- Name: useraccount_user_groups_id_seq; Type: SEQUENCE; Schema: public; Owner: postgresuser
--

ALTER TABLE public.useraccount_user_groups ALTER COLUMN id ADD GENERATED BY DEFAULT AS IDENTITY (
    SEQUENCE NAME public.useraccount_user_groups_id_seq
    START WITH 1
    INCREMENT BY 1
    NO MINVALUE
    NO MAXVALUE
    CACHE 1
);


--
-- Name: useraccount_user_user_permissions; Type: TABLE; Schema: public; Owner: postgresuser
--

CREATE TABLE public.useraccount_user_user_permissions (
    id bigint NOT NULL,
    user_id uuid NOT NULL,
    permission_id integer NOT NULL
);


ALTER TABLE public.useraccount_user_user_permissions OWNER TO postgresuser;

--
-- Name: useraccount_user_user_permissions_id_seq; Type: SEQUENCE; Schema: public; Owner: postgresuser
--

ALTER TABLE public.useraccount_user_user_permissions ALTER COLUMN id ADD GENERATED BY DEFAULT AS IDENTITY (
    SEQUENCE NAME public.useraccount_user_user_permissions_id_seq
    START WITH 1
    INCREMENT BY 1
    NO MINVALUE
    NO MAXVALUE
    CACHE 1
);


--
-- Data for Name: account_emailaddress; Type: TABLE DATA; Schema: public; Owner: postgresuser
--

COPY public.account_emailaddress (id, email, verified, "primary", user_id) FROM stdin;
1	test@mail.com	f	t	b28209b8-d27b-43e2-a91a-bcf612d8f096
2	new@mail.com	f	t	b065f113-51b1-4fc9-8c1f-174b869fae06
3	essai@mail.com	f	t	9cc5f6d4-24e0-406b-bf12-5ab00c302381
\.


--
-- Data for Name: account_emailconfirmation; Type: TABLE DATA; Schema: public; Owner: postgresuser
--

COPY public.account_emailconfirmation (id, created, sent, key, email_address_id) FROM stdin;
\.


--
-- Data for Name: auth_group; Type: TABLE DATA; Schema: public; Owner: postgresuser
--

COPY public.auth_group (id, name) FROM stdin;
\.


--
-- Data for Name: auth_group_permissions; Type: TABLE DATA; Schema: public; Owner: postgresuser
--

COPY public.auth_group_permissions (id, group_id, permission_id) FROM stdin;
\.


--
-- Data for Name: auth_permission; Type: TABLE DATA; Schema: public; Owner: postgresuser
--

COPY public.auth_permission (id, name, content_type_id, codename) FROM stdin;
1	Can add log entry	1	add_logentry
2	Can change log entry	1	change_logentry
3	Can delete log entry	1	delete_logentry
4	Can view log entry	1	view_logentry
5	Can add permission	2	add_permission
6	Can change permission	2	change_permission
7	Can delete permission	2	delete_permission
8	Can view permission	2	view_permission
9	Can add group	3	add_group
10	Can change group	3	change_group
11	Can delete group	3	delete_group
12	Can view group	3	view_group
13	Can add content type	4	add_contenttype
14	Can change content type	4	change_contenttype
15	Can delete content type	4	delete_contenttype
16	Can view content type	4	view_contenttype
17	Can add session	5	add_session
18	Can change session	5	change_session
19	Can delete session	5	delete_session
20	Can view session	5	view_session
21	Can add Token	6	add_token
22	Can change Token	6	change_token
23	Can delete Token	6	delete_token
24	Can view Token	6	view_token
25	Can add token	7	add_tokenproxy
26	Can change token	7	change_tokenproxy
27	Can delete token	7	delete_tokenproxy
28	Can view token	7	view_tokenproxy
29	Can add social application	8	add_socialapp
30	Can change social application	8	change_socialapp
31	Can delete social application	8	delete_socialapp
32	Can view social application	8	view_socialapp
33	Can add social account	9	add_socialaccount
34	Can change social account	9	change_socialaccount
35	Can delete social account	9	delete_socialaccount
36	Can view social account	9	view_socialaccount
37	Can add social application token	10	add_socialtoken
38	Can change social application token	10	change_socialtoken
39	Can delete social application token	10	delete_socialtoken
40	Can view social application token	10	view_socialtoken
41	Can add email address	11	add_emailaddress
42	Can change email address	11	change_emailaddress
43	Can delete email address	11	delete_emailaddress
44	Can view email address	11	view_emailaddress
45	Can add email confirmation	12	add_emailconfirmation
46	Can change email confirmation	12	change_emailconfirmation
47	Can delete email confirmation	12	delete_emailconfirmation
48	Can view email confirmation	12	view_emailconfirmation
49	Can add User	13	add_user
50	Can change User	13	change_user
51	Can delete User	13	delete_user
52	Can view User	13	view_user
53	Can add Property	14	add_property
54	Can change Property	14	change_property
55	Can delete Property	14	delete_property
56	Can view Property	14	view_property
57	Can add Property Image	15	add_propertyimage
58	Can change Property Image	15	change_propertyimage
59	Can delete Property Image	15	delete_propertyimage
60	Can view Property Image	15	view_propertyimage
61	Can add reservation	16	add_reservation
62	Can change reservation	16	change_reservation
63	Can delete reservation	16	delete_reservation
64	Can view reservation	16	view_reservation
65	Can add conversation message	17	add_conversationmessage
66	Can change conversation message	17	change_conversationmessage
67	Can delete conversation message	17	delete_conversationmessage
68	Can view conversation message	17	view_conversationmessage
69	Can add conversation	18	add_conversation
70	Can change conversation	18	change_conversation
71	Can delete conversation	18	delete_conversation
72	Can view conversation	18	view_conversation
\.


--
-- Data for Name: authtoken_token; Type: TABLE DATA; Schema: public; Owner: postgresuser
--

COPY public.authtoken_token (key, created, user_id) FROM stdin;
\.


--
-- Data for Name: chat_conversation; Type: TABLE DATA; Schema: public; Owner: postgresuser
--

COPY public.chat_conversation (id, created_at, modified_at) FROM stdin;
\.


--
-- Data for Name: chat_conversation_users; Type: TABLE DATA; Schema: public; Owner: postgresuser
--

COPY public.chat_conversation_users (id, conversation_id, user_id) FROM stdin;
\.


--
-- Data for Name: django_admin_log; Type: TABLE DATA; Schema: public; Owner: postgresuser
--

COPY public.django_admin_log (id, action_time, object_id, object_repr, action_flag, change_message, content_type_id, user_id) FROM stdin;
1	2025-01-04 12:58:57.533339+00	a0543ad7-9b65-448d-a399-6962a781d977	Reservation object (a0543ad7-9b65-448d-a399-6962a781d977)	3		16	5668e34c-c746-427f-a418-a651208d6ecb
\.


--
-- Data for Name: django_content_type; Type: TABLE DATA; Schema: public; Owner: postgresuser
--

COPY public.django_content_type (id, app_label, model) FROM stdin;
1	admin	logentry
2	auth	permission
3	auth	group
4	contenttypes	contenttype
5	sessions	session
6	authtoken	token
7	authtoken	tokenproxy
8	allauth	socialapp
9	allauth	socialaccount
10	allauth	socialtoken
11	account	emailaddress
12	account	emailconfirmation
13	useraccount	user
14	property	property
15	property	propertyimage
16	property	reservation
17	chat	conversationmessage
18	chat	conversation
\.


--
-- Data for Name: django_migrations; Type: TABLE DATA; Schema: public; Owner: postgresuser
--

COPY public.django_migrations (id, app, name, applied) FROM stdin;
1	contenttypes	0001_initial	2024-12-05 19:26:58.175823+00
2	contenttypes	0002_remove_content_type_name	2024-12-05 19:26:58.1947+00
3	auth	0001_initial	2024-12-05 19:26:58.253162+00
4	auth	0002_alter_permission_name_max_length	2024-12-05 19:26:58.259582+00
5	auth	0003_alter_user_email_max_length	2024-12-05 19:26:58.266498+00
6	auth	0004_alter_user_username_opts	2024-12-05 19:26:58.278885+00
7	auth	0005_alter_user_last_login_null	2024-12-05 19:26:58.289181+00
8	auth	0006_require_contenttypes_0002	2024-12-05 19:26:58.292473+00
9	auth	0007_alter_validators_add_error_messages	2024-12-05 19:26:58.302557+00
10	auth	0008_alter_user_username_max_length	2024-12-05 19:26:58.315048+00
11	auth	0009_alter_user_last_name_max_length	2024-12-05 19:26:58.328469+00
12	auth	0010_alter_group_name_max_length	2024-12-05 19:26:58.338748+00
13	auth	0011_update_proxy_permissions	2024-12-05 19:26:58.347007+00
14	auth	0012_alter_user_first_name_max_length	2024-12-05 19:26:58.357029+00
15	useraccount	0001_initial	2024-12-05 19:26:58.421893+00
16	account	0001_initial	2024-12-05 19:26:58.475046+00
17	account	0002_email_max_length	2024-12-05 19:26:58.485892+00
18	admin	0001_initial	2024-12-05 19:26:58.513703+00
19	admin	0002_logentry_remove_auto_add	2024-12-05 19:26:58.527101+00
20	admin	0003_logentry_add_action_flag_choices	2024-12-05 19:26:58.537578+00
21	authtoken	0001_initial	2024-12-05 19:26:58.563725+00
22	authtoken	0002_auto_20160226_1747	2024-12-05 19:26:58.616875+00
23	authtoken	0003_tokenproxy	2024-12-05 19:26:58.621366+00
24	property	0001_initial	2024-12-05 19:26:58.65881+00
25	property	0002_alter_property_options	2024-12-05 19:26:58.677908+00
26	property	0003_property_bathrooms	2024-12-05 19:26:58.692082+00
27	property	0004_propertyimage	2024-12-05 19:26:58.718841+00
28	property	0005_alter_propertyimage_options	2024-12-05 19:26:58.731576+00
29	sessions	0001_initial	2024-12-05 19:26:58.758345+00
30	useraccount	0002_alter_user_options	2024-12-05 19:26:58.784634+00
31	property	0006_reservation	2024-12-05 20:52:51.633588+00
32	property	0007_property_favorited	2025-01-05 21:38:01.356414+00
33	chat	0001_initial	2025-02-12 16:27:42.927333+00
34	chat	0002_alter_conversation_modified_at_and_more	2025-02-12 17:44:41.763221+00
\.


--
-- Data for Name: django_session; Type: TABLE DATA; Schema: public; Owner: postgresuser
--

COPY public.django_session (session_key, session_data, expire_date) FROM stdin;
hyhazmfjwvlw6h2j8ginwl1uhtrp6grd	.eJxVzDkOwjAQheG7uMbW2B5vlPScIRqPbcKiRMpSIe5OIqWA-n3_e4uO1qXv1rlO3b2Is3Dex2qRJQf0Ek1oklBHSd5pA7H4ylmcfrNM_KzD3pYHDbdR8Tgs0z2rnahjndV1LPV1OezfQU9zv9WatceYWm4JajY5IJUKGtiaVAJpKOgcaCwNyCcHzTYbUtq4a9CQxecLr6NAuA:1tJHmP:CPr-OMPT4ow4sTflpH5eakKJoQi5i0tb1CR88ScSHs0	2024-12-19 19:44:53.630767+00
h1ym2635k970eo7tcaa3kuypiuqh3nwg	.eJxVjTsOgzAQRO_iOiD_MJAyfc5g7XrXwQmxJT5potw9INHQjTTvzXwFhFDWvPgPTykmJs9vSKO45nUcL8LDugx-nXnyicRVoO607LGrSLdYWcO6gl5BhSE6pamLsnfipCGEF-fdpSfkR6lDycuUsN6R-mjn-l6Ix9vBngYGmIfN1o6sa4xSElpGa7TZrqIEB32LCkg2pnWAtEWyQUnTKEtRNkAsGRnF7w-3Q0yn:1tJHnO:Slt4wd2Kor5HZ7PBOJXiY9SY3pR38HgKiYGsezhl7l0	2024-12-19 19:45:54.172816+00
n2o1ny5d80wybwnnca8og1vel6z3dv81	.eJxVjbkOwjAQRP_FNbHWd0xJzzdEu9414VAi5agQ_04ipYBupHlv5q06XJe-W2eZujursyLbWsjUNmwTNd6JbTAbbKjUaCy3FXJUp1-NsDxl2F1-4HAbdRmHZbqT3hF9tLO-jiyvy8H-DfQ495ttI_sYnDGAScg767arChgxJzLIEFyKSLxF9sWAC8ZzhYAsICSkPl_T2EFB:1tJIWB:p19V3itLVFo9k3NseiDEdD1N_LDWDhBpfTgSTdr-nUQ	2024-12-19 20:32:11.914699+00
9t5f2kuh0rujl7f6j4h4qjboxg789gza	.eJxVjbkOwjAQRP_FNbHWd0xJzzdEu9414VAi5agQ_04ipYBupHlv5q06XJe-W2eZujursyLbWsjUNmwTNd6JbTAbbKjUaCy3FXJUp1-NsDxl2F1-4HAbdRmHZbqT3hF9tLO-jiyvy8H-DfQ495ttI_sYnDGAScg767arChgxJzLIEFyKSLxF9sWAC8ZzhYAsICSkPl_T2EFB:1tJvHm:4rXmEAkLixmqJqdSLVEO_g7rjFzBGSQ7qsW59XpeMEw	2024-12-21 13:55:54.48679+00
9lnqw6krz9exxgd6cv8j0tm1verxybnt	.eJxVzDkOwjAQheG7uMbW2B5vlPScIRqPbcKiRMpSIe5OIqWA-n3_e4uO1qXv1rlO3b2Is3Dex2qRJQf0Ek1oklBHSd5pA7H4ylmcfrNM_KzD3pYHDbdR8Tgs0z2rnahjndV1LPV1OezfQU9zv9WatceYWm4JajY5IJUKGtiaVAJpKOgcaCwNyCcHzTYbUtq4a9CQxecLr6NAuA:1tPjgh:8_H5NlNidfxDt3LsLlwvYCoOTnpTbj5G5wB_zaeN7Ao	2025-01-06 14:45:39.309107+00
uj2frpi2ksft9m5ht1rn3m88ebzhobn6	.eJxVjbkOwjAQRP_FNbHWd0xJzzdEu9414VAi5agQ_04ipYBupHlv5q06XJe-W2eZujursyLbWsjUNmwTNd6JbTAbbKjUaCy3FXJUp1-NsDxl2F1-4HAbdRmHZbqT3hF9tLO-jiyvy8H-DfQ495ttI_sYnDGAScg767arChgxJzLIEFyKSLxF9sWAC8ZzhYAsICSkPl_T2EFB:1tPjs1:loy0ghiPZojySx2nF45p1PjsUr2Qcp0ywiql5-LD7dI	2025-01-06 14:57:21.612118+00
mmgyuv5gdwkifgagu1qnbglsv76d4p8e	.eJxVjbkOwjAQRP_FNbHWd0xJzzdEu9414VAi5agQ_04ipYBupHlv5q06XJe-W2eZujursyLbWsjUNmwTNd6JbTAbbKjUaCy3FXJUp1-NsDxl2F1-4HAbdRmHZbqT3hF9tLO-jiyvy8H-DfQ495ttI_sYnDGAScg767arChgxJzLIEFyKSLxF9sWAC8ZzhYAsICSkPl_T2EFB:1tTpb6:MCRQcmugcvnN840vNhhQHqpAtVga2sfxxz4gnzogtZ0	2025-01-17 21:52:48.150471+00
ykkfp3nn13zjeegmtd1211p0ho4cytsz	.eJxVjbkOwjAQRP_FNbHWd0xJzzdEu9414VAi5agQ_04ipYBupHlv5q06XJe-W2eZujursyLbWsjUNmwTNd6JbTAbbKjUaCy3FXJUp1-NsDxl2F1-4HAbdRmHZbqT3hF9tLO-jiyvy8H-DfQ495ttI_sYnDGAScg767arChgxJzLIEFyKSLxF9sWAC8ZzhYAsICSkPl_T2EFB:1tU3Gm:-sZitpFfnZ0UufANptncGtjo6vNT8HQQAHa1YA4CYNI	2025-01-18 12:28:44.784216+00
yjif0asep4oc0660862s0enzsia2w93u	.eJxVjbkOwjAQRP_FNbHWd0xJzzdEu9414VAi5agQ_04ipYBupHlv5q06XJe-W2eZujursyLbWsjUNmwTNd6JbTAbbKjUaCy3FXJUp1-NsDxl2F1-4HAbdRmHZbqT3hF9tLO-jiyvy8H-DfQ495ttI_sYnDGAScg767arChgxJzLIEFyKSLxF9sWAC8ZzhYAsICSkPl_T2EFB:1tU4PQ:GhYcG97O0hZExhuIooYLSLim2Z-3Y2o4pQPO81uQ45k	2025-01-18 13:41:44.404334+00
mj8z0n1iinjd6r9rq607stvpnjzixbj3	.eJxVjDtuwzAQBe_COhK45k9U6T5nIJbLXYuOQgH6pDF899iAG5UPM_MeComWo-3pj9cqlUviX6yzGtsxz18q4bFP6dh4TbWoUWXtnQCYzkGGzgrFbiCQDoLNg4-CrL06ZRnph9u7LXdst6Wnpe1rzf1b6T9067-XwvP1454OJtymV03srViDBslFm7WgczHwRRvzWoVgsBguTqI2QwgQClpy4AUKi5XA6vkPrqpMTA:1tUTFq:35U1RNBVGE4Lvy_1n0L97K_f_lJc3bDnS__nKuyezuQ	2025-01-19 16:13:30.701612+00
493d1ct7f8pukkjagn934nuya2t6or7e	.eJxVjDsOwjAQBe_imlhevP5R0nOGaL32kgBKpHwqxN1JpBRQPs3Me6uW1qVr17lObV_URWXjnQDYxkGGBoVTExmkgYA5-iRUjVen3ywTP-uwt-VBw33UPA7L1Ge9K_qgs76Npb6uh_t30NHcbTVXj4KWLLFLmI2QcynUs7F2W4UhIoWzk2RsDAFCIWQHXqBUQQlVfb7LP0Dm:1tUU9K:6ubmW2IMwKnke51Enez84ujwClvjuZGLNym_M4aEA8U	2025-01-19 17:10:50.421374+00
ko4071di3qu9u3r1clqvn8xgnu2m5isb	.eJxVjDsOwjAQBe_imlhevP5R0nOGaL32kgBKpHwqxN1JpBRQPs3Me6uW1qVr17lObV_URWXjnQDYxkGGBoVTExmkgYA5-iRUjVen3ywTP-uwt-VBw33UPA7L1Ge9K_qgs76Npb6uh_t30NHcbTVXj4KWLLFLmI2QcynUs7F2W4UhIoWzk2RsDAFCIWQHXqBUQQlVfb7LP0Dm:1tUUDK:TDN0SfdTjXoUjNScjoSJJhNeAp8A4w_NnX8NooSXr-I	2025-01-19 17:14:58.631143+00
zl4g0yzly59olgtl7up1cqsxzd5c3dp1	.eJxVjDsOwjAQBe_imlhevP5R0nOGaL32kgBKpHwqxN1JpBRQPs3Me6uW1qVr17lObV_URWXjnQDYxkGGBoVTExmkgYA5-iRUjVen3ywTP-uwt-VBw33UPA7L1Ge9K_qgs76Npb6uh_t30NHcbTVXj4KWLLFLmI2QcynUs7F2W4UhIoWzk2RsDAFCIWQHXqBUQQlVfb7LP0Dm:1tUUGS:LIKdL7v6nsziiw9urVdhjtAkAxui_qNH-g7Cp7rhnUc	2025-01-19 17:18:12.148741+00
5hc7pc9qx58h8qqfz5q5tek6r0wx4h95	.eJxVjDluwzAUBe_COhLIT0oUXbrPGYi_0aKjUICWNEHuHhtw4_bNzPs1yLye7cg_utVSVbJ-Y13MpZ3L8mEynsecz123XMVcTGIeyiihg6C2C3akjoqDbkCylr0FPznzlhHyl7ZnK3dst7XntR1bpf6p9C-695-r6HJ9uW8HM-7zo8YoXJykAVxiwTgBeYljiDKAxkguoFVrwRWCMIXy2CxD8uQTkI5k_v4BswlMKw:1tUUId:eIf3NqpyPaELw0K_6QzHfxDcjbPAx05RQfwES-OJJkE	2025-01-19 17:20:27.949387+00
p85i8djaqc3cgk6yayaq4ptki440zh51	.eJxVjbkOwjAQRP_FNbHWd0xJzzdEu9414VAi5agQ_04ipYBupHlv5q06XJe-W2eZujursyLbWsjUNmwTNd6JbTAbbKjUaCy3FXJUp1-NsDxl2F1-4HAbdRmHZbqT3hF9tLO-jiyvy8H-DfQ495ttI_sYnDGAScg767arChgxJzLIEFyKSLxF9sWAC8ZzhYAsICSkPl_T2EFB:1tUUIu:YMtYWdfozneIeJMa2Dl0OHkuf7Y2Kmch6lImFhTg2rM	2025-01-19 17:20:44.806329+00
r9img1svlc3p9p9dpvar91fko989vx2m	.eJxVjDsOwjAQBe_imlhevP5R0nOGaL32kgBKpHwqxN1JpBRQPs3Me6uW1qVr17lObV_URWXjnQDYxkGGBoVTExmkgYA5-iRUjVen3ywTP-uwt-VBw33UPA7L1Ge9K_qgs76Npb6uh_t30NHcbTVXj4KWLLFLmI2QcynUs7F2W4UhIoWzk2RsDAFCIWQHXqBUQQlVfb7LP0Dm:1tUUJG:YfsvmQ-cbsbe-SEOs41eReyqexsSaXyvm38Guuq8SmE	2025-01-19 17:21:06.998465+00
j1p3evomul51qq59epoe195a7sx0wsr4	.eJxVjbkOwjAQRP_FNbHWd0xJzzdEu9414VAi5agQ_04ipYBupHlv5q06XJe-W2eZujursyLbWsjUNmwTNd6JbTAbbKjUaCy3FXJUp1-NsDxl2F1-4HAbdRmHZbqT3hF9tLO-jiyvy8H-DfQ495ttI_sYnDGAScg767arChgxJzLIEFyKSLxF9sWAC8ZzhYAsICSkPl_T2EFB:1tUUJe:IpLobbHwh2gGV5uqu5uhLLeHaUxNWvQENi_vMVpZidc	2025-01-19 17:21:30.982175+00
xywfhbvq4x6h36xyn05o04rud30bwkwu	.eJxVjbkOwjAQRP_FNbHWd0xJzzdEu9414VAi5agQ_04ipYBupHlv5q06XJe-W2eZujursyLbWsjUNmwTNd6JbTAbbKjUaCy3FXJUp1-NsDxl2F1-4HAbdRmHZbqT3hF9tLO-jiyvy8H-DfQ495ttI_sYnDGAScg767arChgxJzLIEFyKSLxF9sWAC8ZzhYAsICSkPl_T2EFB:1tUUPu:_rOelZRBqKUDmh31QWiwXf3bFMOQiuVgwDblEHroOlc	2025-01-19 17:27:58.906209+00
rz8wkgdxxoqwnl665x1j42339rp1fmt1	.eJxVjbkOwjAQRP_FNbHWd0xJzzdEu9414VAi5agQ_04ipYBupHlv5q06XJe-W2eZujursyLbWsjUNmwTNd6JbTAbbKjUaCy3FXJUp1-NsDxl2F1-4HAbdRmHZbqT3hF9tLO-jiyvy8H-DfQ495ttI_sYnDGAScg767arChgxJzLIEFyKSLxF9sWAC8ZzhYAsICSkPl_T2EFB:1tUW0h:52MqiR7nd83F-0NwN44jmkVz4gQbMNZ6tUbPIv2nE8M	2025-01-19 19:10:03.951734+00
uxvs50p18ti4xtujbkl2zzuqdggpcvzu	.eJxVjbkOwjAQRP_FNbHWd0xJzzdEu9414VAi5agQ_04ipYBupHlv5q06XJe-W2eZujursyLbWsjUNmwTNd6JbTAbbKjUaCy3FXJUp1-NsDxl2F1-4HAbdRmHZbqT3hF9tLO-jiyvy8H-DfQ495ttI_sYnDGAScg767arChgxJzLIEFyKSLxF9sWAC8ZzhYAsICSkPl_T2EFB:1tUWHa:fImlWj267XGqGuRnOKGE0S0UYuIF18Ya2r9Km-aw2RM	2025-01-19 19:27:30.914344+00
m4dej39uk0r2n2ontewlr8mp6f2osvmz	.eJxVjbkOwjAQRP_FNbHWd0xJzzdEu9414VAi5agQ_04ipYBupHlv5q06XJe-W2eZujursyLbWsjUNmwTNd6JbTAbbKjUaCy3FXJUp1-NsDxl2F1-4HAbdRmHZbqT3hF9tLO-jiyvy8H-DfQ495ttI_sYnDGAScg767arChgxJzLIEFyKSLxF9sWAC8ZzhYAsICSkPl_T2EFB:1tUWRf:UMmaVBWB5oZJDQvjodfDL1lpGlfjFG4qhku5e0xwz1I	2025-01-19 19:37:55.50184+00
3skaqej2483mnbygbdbcckjvxtqgxizu	.eJxVjDkOwjAQRe_imljj8RZT0nOGyDNjExYlUpYKcXcSKQW0_73336rL69J361ym7i7qrBKzr0Fcg65A4yBQQ9Vg4zMBsAW0rVGn34wyP8uwt_LIw23UPA7LdCe9K_qgs76OUl6Xw_076PPcb3WOwtVI8mgSS44tkpUYXBSPJUYyLkMBQFMJXevqtgFjsmQTUgmkPl_PnkDF:1tUWao:XOEaZERG4HattCz4LsRhQJFiGAj6-IaFINU9KdyYpM0	2025-01-19 19:47:22.600893+00
15g2aoswyrqgt5z3aoicmdyndbcjv60u	.eJxVjDkOwjAQRe_imljj8RZT0nOGyDNjExYlUpYKcXcSKQW0_73336rL69J361ym7i7qrBKzr0Fcg65A4yBQQ9Vg4zMBsAW0rVGn34wyP8uwt_LIw23UPA7LdCe9K_qgs76OUl6Xw_076PPcb3WOwtVI8mgSS44tkpUYXBSPJUYyLkMBQFMJXevqtgFjsmQTUgmkPl_PnkDF:1tUX35:_pfccYYnp_tm61LBRZXZgfuc3e2HyFn9uheKGDfpZVg	2025-01-19 20:16:35.616136+00
me853ronz1gzh9ijpb03oycd9r6lcd07	.eJxVjDsOwjAQBe_imlhevP5R0nOGaL32kgBKpHwqxN1JpBRQPs3Me6uW1qVr17lObV_URWXjnQDYxkGGBoVTExmkgYA5-iRUjVen3ywTP-uwt-VBw33UPA7L1Ge9K_qgs76Npb6uh_t30NHcbTVXj4KWLLFLmI2QcynUs7F2W4UhIoWzk2RsDAFCIWQHXqBUQQlVfb7LP0Dm:1tUX7i:Vv5xIqQ_lsI_-JLFus1-ESRRVBQRvNCa5TevT7xIBPw	2025-01-19 20:21:22.504298+00
whpec1lphk0hdzekg219bme73ujn3rnz	.eJxVjDsOwjAQBe_imlhevP5R0nOGaL32kgBKpHwqxN1JpBRQPs3Me6uW1qVr17lObV_URWXjnQDYxkGGBoVTExmkgYA5-iRUjVen3ywTP-uwt-VBw33UPA7L1Ge9K_qgs76Npb6uh_t30NHcbTVXj4KWLLFLmI2QcynUs7F2W4UhIoWzk2RsDAFCIWQHXqBUQQlVfb7LP0Dm:1tUXCi:x-IDhV7Ny2Cx3GGPUFs-gxrzkuquT1Ed2Tl6XE3mTqE	2025-01-19 20:26:32.768221+00
srtrktd3uxquelftlif9wm0ck47mpo4t	.eJxVjDsOwjAQBe_imlhevP5R0nOGaL32kgBKpHwqxN1JpBRQPs3Me6uW1qVr17lObV_URWXjnQDYxkGGBoVTExmkgYA5-iRUjVen3ywTP-uwt-VBw33UPA7L1Ge9K_qgs76Npb6uh_t30NHcbTVXj4KWLLFLmI2QcynUs7F2W4UhIoWzk2RsDAFCIWQHXqBUQQlVfb7LP0Dm:1tUXMl:VvfgOhesqDEC2AAzUHWamdJcaG5v-lwAkIcLs1mWN6k	2025-01-19 20:36:55.977647+00
tgum6vjpcaj0g8vv4sdjikeb924vbvmj	.eJxVjDsOwjAQBe_imlhevP5R0nOGaL32kgBKpHwqxN1JpBRQPs3Me6uW1qVr17lObV_URWXjnQDYxkGGBoVTExmkgYA5-iRUjVen3ywTP-uwt-VBw33UPA7L1Ge9K_qgs76Npb6uh_t30NHcbTVXj4KWLLFLmI2QcynUs7F2W4UhIoWzk2RsDAFCIWQHXqBUQQlVfb7LP0Dm:1tUXSk:2N9ComCz6Emg0akQcWuABkq-1M8EIP1Noz29HA6xsU0	2025-01-19 20:43:06.545276+00
77gvp9edwmwf30hfqyw50zcjqxkvez6k	.eJxVjbkOwjAQRP_FNbHWd0xJzzdEu9414VAi5agQ_04ipYBupHlv5q06XJe-W2eZujursyLbWsjUNmwTNd6JbTAbbKjUaCy3FXJUp1-NsDxl2F1-4HAbdRmHZbqT3hF9tLO-jiyvy8H-DfQ495ttI_sYnDGAScg767arChgxJzLIEFyKSLxF9sWAC8ZzhYAsICSkPl_T2EFB:1tVTrb:Qgm8PH_lONj7Vks189QdxBccf1WAAWqz8TmoEfT8qU8	2025-01-22 11:04:39.875008+00
mzef2maiw0t7wpf28xjfpy3kommj0bl7	.eJxVjDsOwjAQBe_imlhevP5R0nOGaL32kgBKpHwqxN1JpBRQPs3Me6uW1qVr17lObV_URWXjnQDYxkGGBoVTExmkgYA5-iRUjVen3ywTP-uwt-VBw33UPA7L1Ge9K_qgs76Npb6uh_t30NHcbTVXj4KWLLFLmI2QcynUs7F2W4UhIoWzk2RsDAFCIWQHXqBUQQlVfb7LP0Dm:1tVUeK:9TvPvjblElNQq3KqiMOQXU99P9zGMLUOHy3iZoA1yS4	2025-01-22 11:55:00.527465+00
qixal8t3ualnbu4x3l8ob6ok0lw69952	.eJxVjDsOwjAQBe_imlhevP5R0nOGaL32kgBKpHwqxN1JpBRQPs3Me6uW1qVr17lObV_URWXjnQDYxkGGBoVTExmkgYA5-iRUjVen3ywTP-uwt-VBw33UPA7L1Ge9K_qgs76Npb6uh_t30NHcbTVXj4KWLLFLmI2QcynUs7F2W4UhIoWzk2RsDAFCIWQHXqBUQQlVfb7LP0Dm:1tVrjf:Qk_GeyAl1w8u4rp8YiOR1BviYjGJI086uERaMGBT4Ws	2025-01-23 12:34:03.966049+00
s5j5s4494bh0o9bz499wmks2luo6is5v	.eJxVzDkOwjAQheG7uMbW2B5vlPScIRqPbcKiRMpSIe5OIqWA-n3_e4uO1qXv1rlO3b2Is3Dex2qRJQf0Ek1oklBHSd5pA7H4ylmcfrNM_KzD3pYHDbdR8Tgs0z2rnahjndV1LPV1OezfQU9zv9WatceYWm4JajY5IJUKGtiaVAJpKOgcaCwNyCcHzTYbUtq4a9CQxecLr6NAuA:1tVrkl:uSqvLdmMz94zo8kY0tfyHh7qH5qGq0ra73RPpfaqcOA	2025-01-23 12:35:11.485478+00
7cnmwuop4uy45gwwwz42muc5tzim4ub9	.eJxVjbkOwjAQRP_FNbHWd0xJzzdEu9414VAi5agQ_04ipYBupHlv5q06XJe-W2eZujursyLbWsjUNmwTNd6JbTAbbKjUaCy3FXJUp1-NsDxl2F1-4HAbdRmHZbqT3hF9tLO-jiyvy8H-DfQ495ttI_sYnDGAScg767arChgxJzLIEFyKSLxF9sWAC8ZzhYAsICSkPl_T2EFB:1tVrwA:0ayFiOA2Z8d9vA5F7DKS_Era8OwKUx_BIJc9DdyNGT0	2025-01-23 12:46:58.226214+00
k0gw5cw2rr9ys6hr1yprm6uhoqkn4mac	.eJxVjDsOwjAQBe_imlhevP5R0nOGaL32kgBKpHwqxN1JpBRQPs3Me6uW1qVr17lObV_URWXjnQDYxkGGBoVTExmkgYA5-iRUjVen3ywTP-uwt-VBw33UPA7L1Ge9K_qgs76Npb6uh_t30NHcbTVXj4KWLLFLmI2QcynUs7F2W4UhIoWzk2RsDAFCIWQHXqBUQQlVfb7LP0Dm:1tVs4f:_MMUVNU3DJD9jtzMP7Afjdp7OoRD5bNmfsgrrY79RvA	2025-01-23 12:55:45.399866+00
pxyxr2ctdfzec9q62ma7w2ykwbhslk6t	.eJxVjDsOwjAQBe_imlhevP5R0nOGaL32kgBKpHwqxN1JpBRQPs3Me6uW1qVr17lObV_URWXjnQDYxkGGBoVTExmkgYA5-iRUjVen3ywTP-uwt-VBw33UPA7L1Ge9K_qgs76Npb6uh_t30NHcbTVXj4KWLLFLmI2QcynUs7F2W4UhIoWzk2RsDAFCIWQHXqBUQQlVfb7LP0Dm:1tVsDh:ubjdmJ-XBPNOlK0cWeO5sRdL9xUEEIpiZBvEDDJYlDQ	2025-01-23 13:05:05.76479+00
eyeq4ic79hu5qhkmg62ibxy2ypt1w8hi	.eJxVjDsOwjAQBe_imlhevP5R0nOGaL32kgBKpHwqxN1JpBRQPs3Me6uW1qVr17lObV_URWXjnQDYxkGGBoVTExmkgYA5-iRUjVen3ywTP-uwt-VBw33UPA7L1Ge9K_qgs76Npb6uh_t30NHcbTVXj4KWLLFLmI2QcynUs7F2W4UhIoWzk2RsDAFCIWQHXqBUQQlVfb7LP0Dm:1tVsq8:2T9ExmHPsgZuTiIqP8XNPV63WhvqZm7lL7FG-ji6lxA	2025-01-23 13:44:48.421003+00
xclz01niz5r0bto9c5tuw7v0nkz56ykc	.eJxVjbkOwjAQRP_FNbHWd0xJzzdEu9414VAi5agQ_04ipYBupHlv5q06XJe-W2eZujursyLbWsjUNmwTNd6JbTAbbKjUaCy3FXJUp1-NsDxl2F1-4HAbdRmHZbqT3hF9tLO-jiyvy8H-DfQ495ttI_sYnDGAScg767arChgxJzLIEFyKSLxF9sWAC8ZzhYAsICSkPl_T2EFB:1tVsz8:dHsA0pRbBlB1Zmm4uuZaB2sqcPqSJT5v4-KaU26cF-s	2025-01-23 13:54:06.772453+00
vggmu289zua2ghqrozt97ghr0ynu3okm	.eJxVjbkOwjAQRP_FNbHWd0xJzzdEu9414VAi5agQ_04ipYBupHlv5q06XJe-W2eZujursyLbWsjUNmwTNd6JbTAbbKjUaCy3FXJUp1-NsDxl2F1-4HAbdRmHZbqT3hF9tLO-jiyvy8H-DfQ495ttI_sYnDGAScg767arChgxJzLIEFyKSLxF9sWAC8ZzhYAsICSkPl_T2EFB:1tVtG5:hbJ0IwUWYJMP9fOYCtVrQz2TaIsy_U_TfkcmjDtg6Fg	2025-01-23 14:11:37.688027+00
vl2b0zgb41qvtka231wlbqo7lgjbiweb	.eJxVjbkOwjAQRP_FNbHWd0xJzzdEu9414VAi5agQ_04ipYBupHlv5q06XJe-W2eZujursyLbWsjUNmwTNd6JbTAbbKjUaCy3FXJUp1-NsDxl2F1-4HAbdRmHZbqT3hF9tLO-jiyvy8H-DfQ495ttI_sYnDGAScg767arChgxJzLIEFyKSLxF9sWAC8ZzhYAsICSkPl_T2EFB:1tVtGS:ITRTBG821-XqejNxx8UrmLQUl1gFCnWlCD41cRGebRU	2025-01-23 14:12:00.794147+00
mp6ggoyjgb08al0dlxjiktxxo0tj991a	.eJxVjbkOwjAQRP_FNbHWd0xJzzdEu9414VAi5agQ_04ipYBupHlv5q06XJe-W2eZujursyLbWsjUNmwTNd6JbTAbbKjUaCy3FXJUp1-NsDxl2F1-4HAbdRmHZbqT3hF9tLO-jiyvy8H-DfQ495ttI_sYnDGAScg767arChgxJzLIEFyKSLxF9sWAC8ZzhYAsICSkPl_T2EFB:1tVtHk:tdtSQtckp98YUnz8Ko9z8rQJriztAxD0BeBbT-SRlig	2025-01-23 14:13:20.067024+00
99mldw6ynb6k40yctsz4rrfolxom7jq3	.eJxVjbkOwjAQRP_FNbHWd0xJzzdEu9414VAi5agQ_04ipYBupHlv5q06XJe-W2eZujursyLbWsjUNmwTNd6JbTAbbKjUaCy3FXJUp1-NsDxl2F1-4HAbdRmHZbqT3hF9tLO-jiyvy8H-DfQ495ttI_sYnDGAScg767arChgxJzLIEFyKSLxF9sWAC8ZzhYAsICSkPl_T2EFB:1tVtJB:Y0LgflGt1coMo0rn9UWab7gc24MgRrmpOso-8aF5_lA	2025-01-23 14:14:49.078865+00
xt172fx6shs99blmwzxp8ivukblny38q	.eJxVjbkOwjAQRP_FNbHWd0xJzzdEu9414VAi5agQ_04ipYBupHlv5q06XJe-W2eZujursyLbWsjUNmwTNd6JbTAbbKjUaCy3FXJUp1-NsDxl2F1-4HAbdRmHZbqT3hF9tLO-jiyvy8H-DfQ495ttI_sYnDGAScg767arChgxJzLIEFyKSLxF9sWAC8ZzhYAsICSkPl_T2EFB:1tVtKU:yOXfJgSUVi8kwE8wOQRLcQKOndF6jy-oWiPMM-sNKLU	2025-01-23 14:16:10.5215+00
4rtc3jpmk7lzcstr4osmsyb4xx3wsm63	.eJxVjbkOwjAQRP_FNbHWd0xJzzdEu9414VAi5agQ_04ipYBupHlv5q06XJe-W2eZujursyLbWsjUNmwTNd6JbTAbbKjUaCy3FXJUp1-NsDxl2F1-4HAbdRmHZbqT3hF9tLO-jiyvy8H-DfQ495ttI_sYnDGAScg767arChgxJzLIEFyKSLxF9sWAC8ZzhYAsICSkPl_T2EFB:1tVtLx:IgXyOrytuusgrPt7mdDaZfwCQJvn7f8gFh3i4HmIvT8	2025-01-23 14:17:41.472031+00
wj4zlsjocdplr406v5amhqf0yzw4al8f	.eJxVjbkOwjAQRP_FNbHWd0xJzzdEu9414VAi5agQ_04ipYBupHlv5q06XJe-W2eZujursyLbWsjUNmwTNd6JbTAbbKjUaCy3FXJUp1-NsDxl2F1-4HAbdRmHZbqT3hF9tLO-jiyvy8H-DfQ495ttI_sYnDGAScg767arChgxJzLIEFyKSLxF9sWAC8ZzhYAsICSkPl_T2EFB:1tVtN7:dsb-qOyd7KWEcFWfRks9Y83wl06fBX9Q3zYuuQsDgB0	2025-01-23 14:18:53.038657+00
ynp7ikvsytsdgwbp7fvd9g3u1u1q75ob	.eJxVjbkOwjAQRP_FNbHWd0xJzzdEu9414VAi5agQ_04ipYBupHlv5q06XJe-W2eZujursyLbWsjUNmwTNd6JbTAbbKjUaCy3FXJUp1-NsDxl2F1-4HAbdRmHZbqT3hF9tLO-jiyvy8H-DfQ495ttI_sYnDGAScg767arChgxJzLIEFyKSLxF9sWAC8ZzhYAsICSkPl_T2EFB:1tY965:NiZ_OVJKG6FCmEt5csUW37RJ3-bRHHPd_Q-1Fi_EkeY	2025-01-29 19:30:37.225012+00
0g41xog3qbam7tm2nadx0rd0srbiao0x	.eJxVjbkOwjAQRP_FNbHWd0xJzzdEu9414VAi5agQ_04ipYBupHlv5q06XJe-W2eZujursyLbWsjUNmwTNd6JbTAbbKjUaCy3FXJUp1-NsDxl2F1-4HAbdRmHZbqT3hF9tLO-jiyvy8H-DfQ495ttI_sYnDGAScg767arChgxJzLIEFyKSLxF9sWAC8ZzhYAsICSkPl_T2EFB:1th2Hk:lS8d78uu1k5qLzogUWOVLdMp7Q8LBBEhEKQYoWg_9P0	2025-02-23 08:03:24.60752+00
mr1wm7741vg3r2rx4gs54xkk0s7z5v7y	.eJxVzDkOwjAQheG7uMbW2B5vlPScIRqPbcKiRMpSIe5OIqWA-n3_e4uO1qXv1rlO3b2Is3Dex2qRJQf0Ek1oklBHSd5pA7H4ylmcfrNM_KzD3pYHDbdR8Tgs0z2rnahjndV1LPV1OezfQU9zv9WatceYWm4JajY5IJUKGtiaVAJpKOgcaCwNyCcHzTYbUtq4a9CQxecLr6NAuA:1th2KN:9owhQIcMlkrLIFDXpNfQDJ67xiBdNaeovZ7QWfSCJ5o	2025-02-23 08:06:07.980486+00
pcyave2kflebi97jbc19hxhzmzwwgtc5	.eJxVjbkOwjAQRP_FNbHWd0xJzzdEu9414VAi5agQ_04ipYBupHlv5q06XJe-W2eZujursyLbWsjUNmwTNd6JbTAbbKjUaCy3FXJUp1-NsDxl2F1-4HAbdRmHZbqT3hF9tLO-jiyvy8H-DfQ495ttI_sYnDGAScg767arChgxJzLIEFyKSLxF9sWAC8ZzhYAsICSkPl_T2EFB:1thQAL:pnCaLLNwIsA4bXG6_03BMtFq9EplXxfyCvsiDoEPAaI	2025-02-24 09:33:21.224894+00
j1spzyzwgpj0ysawdqdvuaewi91ej4gd	.eJxVjbkOwjAQRP_FNbHWd0xJzzdEu9414VAi5agQ_04ipYBupHlv5q06XJe-W2eZujursyLbWsjUNmwTNd6JbTAbbKjUaCy3FXJUp1-NsDxl2F1-4HAbdRmHZbqT3hF9tLO-jiyvy8H-DfQ495ttI_sYnDGAScg767arChgxJzLIEFyKSLxF9sWAC8ZzhYAsICSkPl_T2EFB:1thR1z:LELellklla8lSrL-jCRbyA4GrthDmPsWY_o0S4xdpsI	2025-02-24 10:28:47.164385+00
d8n05lavfnt0frhbqijp5oj32elrmahc	.eJxVjbkOwjAQRP_FNbHWd0xJzzdEu9414VAi5agQ_04ipYBupHlv5q06XJe-W2eZujursyLbWsjUNmwTNd6JbTAbbKjUaCy3FXJUp1-NsDxl2F1-4HAbdRmHZbqT3hF9tLO-jiyvy8H-DfQ495ttI_sYnDGAScg767arChgxJzLIEFyKSLxF9sWAC8ZzhYAsICSkPl_T2EFB:1thzvH:y1J5TwIoEnf8T_GwUm1E4-ps1q7jluYAVHclTzO72ks	2025-02-25 23:44:11.000512+00
\.


--
-- Data for Name: property_property; Type: TABLE DATA; Schema: public; Owner: postgresuser
--

COPY public.property_property (id, title, description, price_per_night, bedrooms, guests, country, country_code, category, image, created_at, landlord_id, bathrooms) FROM stdin;
ed907f72-56d3-43c2-a3dd-d899f07bd8be	tuh	hjvugujuhuhugyu	10000	1	1	PLATEAU/POBE/ISSABA/ONIGBOLO	+229	Countryside	uploads/properties/villa_1_NLaYZnk.jpg	2024-12-05 19:47:03.647465+00	b28209b8-d27b-43e2-a91a-bcf612d8f096	1
fe99b488-4624-478c-8140-ee5f8b45328e	jgug	yfyfdtfdygiugyu	20000	1	10	LITTORAL/COTONOU/10EME ARRONDISSEMENT/KOUHOUNOU	+229	Villas	uploads/properties/tiny_house_2_eObqzPg.jpg	2024-12-05 20:32:56.867378+00	b28209b8-d27b-43e2-a91a-bcf612d8f096	1
e557dede-cddf-4bee-889c-d7c0cca368a8	jhuh	hijjgougouugu	1000	1	1	ZOU/OUINHI/SAGON/HOUEDJA	+229	Cabins	uploads/properties/tiny_house_2_CTzDObf.jpg	2024-12-23 14:57:50.077846+00	b28209b8-d27b-43e2-a91a-bcf612d8f096	1
5877bdef-844b-437e-83f3-57507d957ce9	jkgyf	ugfyfyufgiu	1000	1	1	DONGA/DJOUGOU/DJOUGOU II/TIMTIM-BONGO	+229	Tiny homes	uploads/properties/cabin_2_3ektzzg.jpg	2024-12-23 14:59:32.560919+00	b28209b8-d27b-43e2-a91a-bcf612d8f096	1
969c1f82-2bb7-486a-9334-d5b806a2d1f4	kjbjhyg	jjhljjlkjjlj	1000	1	1	DONGA/COPARGO/ANANDANA/KOUKOULBENDI	+229	Mountain	uploads/properties/villa_1_Tipbzwa.jpg	2024-12-23 15:00:31.819437+00	b28209b8-d27b-43e2-a91a-bcf612d8f096	1
7ea6ab03-cadd-49d3-883c-d4a078ef48d0	Villlas	ougfyugcyugug	3754	5	10	OUEME/PORTO-NOVO/2EME ARRONDISSEMENT/KANDEVIE RADIO HOKON	+229	Beach	uploads/properties/cabin_2_vdgt87I.jpg	2025-01-03 21:54:06.305292+00	b28209b8-d27b-43e2-a91a-bcf612d8f096	6
5d46b630-641f-4f73-b832-d359b0a74e29	New user	Hioskkkdkoj jbdisijdokpds'	3270	4	7	MONO/BOPA/YEGODOE/TOHOUETA	+229	Villas	uploads/properties/cp-35.jpg	2025-01-05 16:14:45.022705+00	b065f113-51b1-4fc9-8c1f-174b869fae06	4
66eeefac-d89f-4ea3-9e39-8aa8a8d5aa57	My title	My description	1000	1	1	LITTORAL/COTONOU/12EME ARRONDISSEMENT/HAIE VIVE	+229	Beach	uploads/properties/profile_pic_1_XZhakru.jpg	2025-01-08 11:05:59.796493+00	b28209b8-d27b-43e2-a91a-bcf612d8f096	1
1dfc5788-5581-4af4-b726-7dff231c9184	Astro House	Astroworl Place	7495	1	1	LITTORAL/COTONOU/10EME ARRONDISSEMENT/VEDOKO	+229	Lake	uploads/properties/webaliser-_TPTXZd9mOo-unsplash.jpg	2025-01-09 12:40:01.477125+00	b065f113-51b1-4fc9-8c1f-174b869fae06	1
9d202adf-f492-4e4d-974c-e8bb8eec2477	La Vieda	Belle maison au sein de l'espace urbain	12000	6	10	LITTORAL/COTONOU/6EME ARRONDISSEMENT/JERICHO NORD	+229	City	uploads/properties/saru-robert-9rP3mxf8qWI-unsplash.jpg	2025-01-09 12:48:48.694454+00	b28209b8-d27b-43e2-a91a-bcf612d8f096	7
\.


--
-- Data for Name: property_property_favorited; Type: TABLE DATA; Schema: public; Owner: postgresuser
--

COPY public.property_property_favorited (id, property_id, user_id) FROM stdin;
3	e557dede-cddf-4bee-889c-d7c0cca368a8	b065f113-51b1-4fc9-8c1f-174b869fae06
5	5d46b630-641f-4f73-b832-d359b0a74e29	b28209b8-d27b-43e2-a91a-bcf612d8f096
7	1dfc5788-5581-4af4-b726-7dff231c9184	b28209b8-d27b-43e2-a91a-bcf612d8f096
8	1dfc5788-5581-4af4-b726-7dff231c9184	b065f113-51b1-4fc9-8c1f-174b869fae06
10	7ea6ab03-cadd-49d3-883c-d4a078ef48d0	b065f113-51b1-4fc9-8c1f-174b869fae06
11	66eeefac-d89f-4ea3-9e39-8aa8a8d5aa57	b065f113-51b1-4fc9-8c1f-174b869fae06
13	fe99b488-4624-478c-8140-ee5f8b45328e	b065f113-51b1-4fc9-8c1f-174b869fae06
17	66eeefac-d89f-4ea3-9e39-8aa8a8d5aa57	b28209b8-d27b-43e2-a91a-bcf612d8f096
\.


--
-- Data for Name: property_propertyimage; Type: TABLE DATA; Schema: public; Owner: postgresuser
--

COPY public.property_propertyimage (id, image, created_at, property_id) FROM stdin;
a261b33d-c0d6-46ae-9acc-60e924004fae	uploads/properties/additionnal_images/villa_1_qBosmoB.jpg	2024-12-05 19:47:03.659158+00	ed907f72-56d3-43c2-a3dd-d899f07bd8be
d7a55d30-bd2b-4a48-ad52-07a5c9102601	uploads/properties/additionnal_images/tiny_house_2_jYiJ0uR.jpg	2024-12-05 19:47:03.666801+00	ed907f72-56d3-43c2-a3dd-d899f07bd8be
b1a02356-93bc-4b57-9378-bb9a1027ea56	uploads/properties/additionnal_images/profile_pic_2.jpg	2024-12-05 19:47:03.673834+00	ed907f72-56d3-43c2-a3dd-d899f07bd8be
d51d237c-7439-413f-b641-377138155bd6	uploads/properties/additionnal_images/cabin_2_dLZWdcY.jpg	2024-12-23 14:59:32.566824+00	5877bdef-844b-437e-83f3-57507d957ce9
1566a18b-3639-4f8a-8d13-5ba949845068	uploads/properties/additionnal_images/cp-54.jpg	2025-01-03 21:54:06.313565+00	7ea6ab03-cadd-49d3-883c-d4a078ef48d0
358dcc3b-eb74-4be7-8916-287add015a68	uploads/properties/additionnal_images/cp-27.jpg	2025-01-03 21:54:06.319697+00	7ea6ab03-cadd-49d3-883c-d4a078ef48d0
b5b6b86f-9a0c-42ef-a156-7f276c29f772	uploads/properties/additionnal_images/cp-47.jpg	2025-01-03 21:54:06.325281+00	7ea6ab03-cadd-49d3-883c-d4a078ef48d0
f6182eee-b01b-4b5a-810f-b5f2b7d6fce9	uploads/properties/additionnal_images/cp-46.jpg	2025-01-05 16:14:45.030962+00	5d46b630-641f-4f73-b832-d359b0a74e29
5e809d8a-ed1b-41bf-bae9-15d239471491	uploads/properties/additionnal_images/cp-30.jpg	2025-01-05 16:14:45.037768+00	5d46b630-641f-4f73-b832-d359b0a74e29
3a05834b-1824-4841-a6b6-6e5bdef99d7d	uploads/properties/additionnal_images/krzysztof-hepner-978RAXoXnH4-unsplash.jpg	2025-01-09 12:40:01.484425+00	1dfc5788-5581-4af4-b726-7dff231c9184
47c83f0d-ac1c-49da-b5f5-5918c8fff683	uploads/properties/additionnal_images/example-house.jpg	2025-01-09 12:40:01.489967+00	1dfc5788-5581-4af4-b726-7dff231c9184
5ade80b6-7086-4b1e-afbb-5795d6b0d13d	uploads/properties/additionnal_images/bernard-hermant-CLKGGwIBTaY-unsplash.jpg	2025-01-09 12:40:01.494381+00	1dfc5788-5581-4af4-b726-7dff231c9184
d26041ba-4d9f-4909-a7df-d78a15f22f6a	uploads/properties/additionnal_images/r-architecture-GGupkreKwxA-unsplash.jpg	2025-01-09 12:48:48.701501+00	9d202adf-f492-4e4d-974c-e8bb8eec2477
13118fb0-6494-4e19-b3ca-6ee998ce30ac	uploads/properties/additionnal_images/phil-hearing-IYfp2Ixe9nM-unsplash.jpg	2025-01-09 12:48:48.706416+00	9d202adf-f492-4e4d-974c-e8bb8eec2477
825e9d42-1efc-4d98-961e-d442442b6f3e	uploads/properties/additionnal_images/webaliser-_TPTXZd9mOo-unsplash.jpg	2025-01-09 12:48:48.710934+00	9d202adf-f492-4e4d-974c-e8bb8eec2477
\.


--
-- Data for Name: property_reservation; Type: TABLE DATA; Schema: public; Owner: postgresuser
--

COPY public.property_reservation (id, start_date, end_date, number_of_nights, guests, total_price, created_at, created_by_id, property_id) FROM stdin;
fbd9f511-c4b0-408c-b132-2eb5c8f86446	2025-01-04 00:00:00+00	2025-01-04 00:00:00+00	1	1	3941.7	2025-01-04 12:30:47.055729+00	b28209b8-d27b-43e2-a91a-bcf612d8f096	7ea6ab03-cadd-49d3-883c-d4a078ef48d0
a549d893-3e44-48c1-b2a5-ef12ea66a283	2025-01-08 00:00:00+00	2025-01-16 00:00:00+00	8	5	31533.6	2025-01-04 12:35:43.081635+00	b28209b8-d27b-43e2-a91a-bcf612d8f096	7ea6ab03-cadd-49d3-883c-d4a078ef48d0
7dbcca2c-d21c-4c57-8adc-ea5db238c1e1	2025-01-04 00:00:00+00	2025-01-04 00:00:00+00	1	1	3941.7	2025-01-04 13:41:47.169878+00	b28209b8-d27b-43e2-a91a-bcf612d8f096	7ea6ab03-cadd-49d3-883c-d4a078ef48d0
7c8c6790-d13e-4f44-9016-819c466cf9d9	2025-01-06 00:00:00+00	2025-01-08 00:00:00+00	3	1	3150	2025-01-05 20:16:45.097268+00	9cc5f6d4-24e0-406b-bf12-5ab00c302381	969c1f82-2bb7-486a-9334-d5b806a2d1f4
64bbca0c-7ed0-4aba-912b-8c7533e480ac	2025-01-05 00:00:00+00	2025-01-05 00:00:00+00	1	1	1050	2025-01-05 20:21:29.799941+00	b065f113-51b1-4fc9-8c1f-174b869fae06	969c1f82-2bb7-486a-9334-d5b806a2d1f4
bfb93ef7-f0c6-4bae-9fdb-64b790a93097	2025-01-09 00:00:00+00	2025-01-09 00:00:00+00	1	1	1050	2025-01-05 20:26:37.947028+00	b065f113-51b1-4fc9-8c1f-174b869fae06	969c1f82-2bb7-486a-9334-d5b806a2d1f4
4b9b748c-d71d-4323-b1e3-634dc29f329e	2025-01-05 00:00:00+00	2025-01-05 00:00:00+00	1	1	3433.5	2025-01-05 20:43:09.957734+00	b065f113-51b1-4fc9-8c1f-174b869fae06	5d46b630-641f-4f73-b832-d359b0a74e29
0d3d4345-455b-4ea7-ae08-62eb842d9f46	2025-01-06 00:00:00+00	2025-01-06 00:00:00+00	1	1	3433.5	2025-01-05 20:43:24.740815+00	b065f113-51b1-4fc9-8c1f-174b869fae06	5d46b630-641f-4f73-b832-d359b0a74e29
a440a010-1c99-48d0-8e28-98a69f2e1366	2025-01-07 00:00:00+00	2025-01-07 00:00:00+00	1	1	3433.5	2025-01-05 20:43:34.67509+00	b065f113-51b1-4fc9-8c1f-174b869fae06	5d46b630-641f-4f73-b832-d359b0a74e29
2cf974a1-9235-4c99-a896-059d216552ba	2025-01-10 00:00:00+00	2025-01-15 00:00:00+00	6	1	6300	2025-01-08 11:06:36.545198+00	b28209b8-d27b-43e2-a91a-bcf612d8f096	66eeefac-d89f-4ea3-9e39-8aa8a8d5aa57
\.


--
-- Data for Name: useraccount_user; Type: TABLE DATA; Schema: public; Owner: postgresuser
--

COPY public.useraccount_user (password, id, email, name, avatar, is_active, is_superuser, is_staff, date_joined, last_login) FROM stdin;
pbkdf2_sha256$870000$50yZuLuDPWIN5XUIwCMidu$7Bn0jVpvOTKb+X2ccUOOBU+s1u4UXYDXWZsu3FRRfmc=	5668e34c-c746-427f-a418-a651208d6ecb	admin@mail.com	admin		t	t	t	2024-12-05 19:44:19.798488+00	2025-02-09 08:06:07.974735+00
pbkdf2_sha256$870000$DqNRW5EW1hEelPcJuNPpsu$SsniAf12UYhMINoMoTdrzMy5GXO+WWkN5D3bkUbuGK4=	b28209b8-d27b-43e2-a91a-bcf612d8f096	test@mail.com	\N		t	f	f	2024-12-05 19:45:54.07066+00	2025-02-11 23:44:10.989977+00
pbkdf2_sha256$870000$hpb6dE974YNzN2bckvsS7W$CW+M8EVP4K3U2v5HfwAjTM0Y6KwpxvKsh4BgJBEV/pY=	9cc5f6d4-24e0-406b-bf12-5ab00c302381	essai@mail.com	\N		t	f	f	2025-01-05 17:20:27.923476+00	2025-01-05 20:16:35.607295+00
pbkdf2_sha256$870000$9oL3GtSe0ycJMfGZ1FIFam$bjlAtswJ0IedLLpU1P5ZCMh3Afly0R75lBcJKfHe4VM=	b065f113-51b1-4fc9-8c1f-174b869fae06	new@mail.com	\N		t	f	f	2025-01-05 16:13:30.640988+00	2025-01-09 13:44:48.400993+00
\.


--
-- Data for Name: useraccount_user_groups; Type: TABLE DATA; Schema: public; Owner: postgresuser
--

COPY public.useraccount_user_groups (id, user_id, group_id) FROM stdin;
\.


--
-- Data for Name: useraccount_user_user_permissions; Type: TABLE DATA; Schema: public; Owner: postgresuser
--

COPY public.useraccount_user_user_permissions (id, user_id, permission_id) FROM stdin;
\.


--
-- Name: account_emailaddress_id_seq; Type: SEQUENCE SET; Schema: public; Owner: postgresuser
--

SELECT pg_catalog.setval('public.account_emailaddress_id_seq', 3, true);


--
-- Name: account_emailconfirmation_id_seq; Type: SEQUENCE SET; Schema: public; Owner: postgresuser
--

SELECT pg_catalog.setval('public.account_emailconfirmation_id_seq', 1, false);


--
-- Name: auth_group_id_seq; Type: SEQUENCE SET; Schema: public; Owner: postgresuser
--

SELECT pg_catalog.setval('public.auth_group_id_seq', 1, false);


--
-- Name: auth_group_permissions_id_seq; Type: SEQUENCE SET; Schema: public; Owner: postgresuser
--

SELECT pg_catalog.setval('public.auth_group_permissions_id_seq', 1, false);


--
-- Name: auth_permission_id_seq; Type: SEQUENCE SET; Schema: public; Owner: postgresuser
--

SELECT pg_catalog.setval('public.auth_permission_id_seq', 72, true);


--
-- Name: chat_conversation_users_id_seq; Type: SEQUENCE SET; Schema: public; Owner: postgresuser
--

SELECT pg_catalog.setval('public.chat_conversation_users_id_seq', 1, false);


--
-- Name: django_admin_log_id_seq; Type: SEQUENCE SET; Schema: public; Owner: postgresuser
--

SELECT pg_catalog.setval('public.django_admin_log_id_seq', 1, true);


--
-- Name: django_content_type_id_seq; Type: SEQUENCE SET; Schema: public; Owner: postgresuser
--

SELECT pg_catalog.setval('public.django_content_type_id_seq', 18, true);


--
-- Name: django_migrations_id_seq; Type: SEQUENCE SET; Schema: public; Owner: postgresuser
--

SELECT pg_catalog.setval('public.django_migrations_id_seq', 34, true);


--
-- Name: property_property_favorited_id_seq; Type: SEQUENCE SET; Schema: public; Owner: postgresuser
--

SELECT pg_catalog.setval('public.property_property_favorited_id_seq', 17, true);


--
-- Name: useraccount_user_groups_id_seq; Type: SEQUENCE SET; Schema: public; Owner: postgresuser
--

SELECT pg_catalog.setval('public.useraccount_user_groups_id_seq', 1, false);


--
-- Name: useraccount_user_user_permissions_id_seq; Type: SEQUENCE SET; Schema: public; Owner: postgresuser
--

SELECT pg_catalog.setval('public.useraccount_user_user_permissions_id_seq', 1, false);


--
-- Name: account_emailaddress account_emailaddress_email_key; Type: CONSTRAINT; Schema: public; Owner: postgresuser
--

ALTER TABLE ONLY public.account_emailaddress
    ADD CONSTRAINT account_emailaddress_email_key UNIQUE (email);


--
-- Name: account_emailaddress account_emailaddress_pkey; Type: CONSTRAINT; Schema: public; Owner: postgresuser
--

ALTER TABLE ONLY public.account_emailaddress
    ADD CONSTRAINT account_emailaddress_pkey PRIMARY KEY (id);


--
-- Name: account_emailconfirmation account_emailconfirmation_key_key; Type: CONSTRAINT; Schema: public; Owner: postgresuser
--

ALTER TABLE ONLY public.account_emailconfirmation
    ADD CONSTRAINT account_emailconfirmation_key_key UNIQUE (key);


--
-- Name: account_emailconfirmation account_emailconfirmation_pkey; Type: CONSTRAINT; Schema: public; Owner: postgresuser
--

ALTER TABLE ONLY public.account_emailconfirmation
    ADD CONSTRAINT account_emailconfirmation_pkey PRIMARY KEY (id);


--
-- Name: auth_group auth_group_name_key; Type: CONSTRAINT; Schema: public; Owner: postgresuser
--

ALTER TABLE ONLY public.auth_group
    ADD CONSTRAINT auth_group_name_key UNIQUE (name);


--
-- Name: auth_group_permissions auth_group_permissions_group_id_permission_id_0cd325b0_uniq; Type: CONSTRAINT; Schema: public; Owner: postgresuser
--

ALTER TABLE ONLY public.auth_group_permissions
    ADD CONSTRAINT auth_group_permissions_group_id_permission_id_0cd325b0_uniq UNIQUE (group_id, permission_id);


--
-- Name: auth_group_permissions auth_group_permissions_pkey; Type: CONSTRAINT; Schema: public; Owner: postgresuser
--

ALTER TABLE ONLY public.auth_group_permissions
    ADD CONSTRAINT auth_group_permissions_pkey PRIMARY KEY (id);


--
-- Name: auth_group auth_group_pkey; Type: CONSTRAINT; Schema: public; Owner: postgresuser
--

ALTER TABLE ONLY public.auth_group
    ADD CONSTRAINT auth_group_pkey PRIMARY KEY (id);


--
-- Name: auth_permission auth_permission_content_type_id_codename_01ab375a_uniq; Type: CONSTRAINT; Schema: public; Owner: postgresuser
--

ALTER TABLE ONLY public.auth_permission
    ADD CONSTRAINT auth_permission_content_type_id_codename_01ab375a_uniq UNIQUE (content_type_id, codename);


--
-- Name: auth_permission auth_permission_pkey; Type: CONSTRAINT; Schema: public; Owner: postgresuser
--

ALTER TABLE ONLY public.auth_permission
    ADD CONSTRAINT auth_permission_pkey PRIMARY KEY (id);


--
-- Name: authtoken_token authtoken_token_pkey; Type: CONSTRAINT; Schema: public; Owner: postgresuser
--

ALTER TABLE ONLY public.authtoken_token
    ADD CONSTRAINT authtoken_token_pkey PRIMARY KEY (key);


--
-- Name: authtoken_token authtoken_token_user_id_key; Type: CONSTRAINT; Schema: public; Owner: postgresuser
--

ALTER TABLE ONLY public.authtoken_token
    ADD CONSTRAINT authtoken_token_user_id_key UNIQUE (user_id);


--
-- Name: chat_conversation chat_conversation_pkey; Type: CONSTRAINT; Schema: public; Owner: postgresuser
--

ALTER TABLE ONLY public.chat_conversation
    ADD CONSTRAINT chat_conversation_pkey PRIMARY KEY (id);


--
-- Name: chat_conversation_users chat_conversation_users_conversation_id_user_id_83095ff4_uniq; Type: CONSTRAINT; Schema: public; Owner: postgresuser
--

ALTER TABLE ONLY public.chat_conversation_users
    ADD CONSTRAINT chat_conversation_users_conversation_id_user_id_83095ff4_uniq UNIQUE (conversation_id, user_id);


--
-- Name: chat_conversation_users chat_conversation_users_pkey; Type: CONSTRAINT; Schema: public; Owner: postgresuser
--

ALTER TABLE ONLY public.chat_conversation_users
    ADD CONSTRAINT chat_conversation_users_pkey PRIMARY KEY (id);


--
-- Name: django_admin_log django_admin_log_pkey; Type: CONSTRAINT; Schema: public; Owner: postgresuser
--

ALTER TABLE ONLY public.django_admin_log
    ADD CONSTRAINT django_admin_log_pkey PRIMARY KEY (id);


--
-- Name: django_content_type django_content_type_app_label_model_76bd3d3b_uniq; Type: CONSTRAINT; Schema: public; Owner: postgresuser
--

ALTER TABLE ONLY public.django_content_type
    ADD CONSTRAINT django_content_type_app_label_model_76bd3d3b_uniq UNIQUE (app_label, model);


--
-- Name: django_content_type django_content_type_pkey; Type: CONSTRAINT; Schema: public; Owner: postgresuser
--

ALTER TABLE ONLY public.django_content_type
    ADD CONSTRAINT django_content_type_pkey PRIMARY KEY (id);


--
-- Name: django_migrations django_migrations_pkey; Type: CONSTRAINT; Schema: public; Owner: postgresuser
--

ALTER TABLE ONLY public.django_migrations
    ADD CONSTRAINT django_migrations_pkey PRIMARY KEY (id);


--
-- Name: django_session django_session_pkey; Type: CONSTRAINT; Schema: public; Owner: postgresuser
--

ALTER TABLE ONLY public.django_session
    ADD CONSTRAINT django_session_pkey PRIMARY KEY (session_key);


--
-- Name: property_property_favorited property_property_favorited_pkey; Type: CONSTRAINT; Schema: public; Owner: postgresuser
--

ALTER TABLE ONLY public.property_property_favorited
    ADD CONSTRAINT property_property_favorited_pkey PRIMARY KEY (id);


--
-- Name: property_property_favorited property_property_favorited_property_id_user_id_c786450b_uniq; Type: CONSTRAINT; Schema: public; Owner: postgresuser
--

ALTER TABLE ONLY public.property_property_favorited
    ADD CONSTRAINT property_property_favorited_property_id_user_id_c786450b_uniq UNIQUE (property_id, user_id);


--
-- Name: property_property property_property_pkey; Type: CONSTRAINT; Schema: public; Owner: postgresuser
--

ALTER TABLE ONLY public.property_property
    ADD CONSTRAINT property_property_pkey PRIMARY KEY (id);


--
-- Name: property_propertyimage property_propertyimage_pkey; Type: CONSTRAINT; Schema: public; Owner: postgresuser
--

ALTER TABLE ONLY public.property_propertyimage
    ADD CONSTRAINT property_propertyimage_pkey PRIMARY KEY (id);


--
-- Name: property_reservation property_reservation_pkey; Type: CONSTRAINT; Schema: public; Owner: postgresuser
--

ALTER TABLE ONLY public.property_reservation
    ADD CONSTRAINT property_reservation_pkey PRIMARY KEY (id);


--
-- Name: useraccount_user useraccount_user_email_key; Type: CONSTRAINT; Schema: public; Owner: postgresuser
--

ALTER TABLE ONLY public.useraccount_user
    ADD CONSTRAINT useraccount_user_email_key UNIQUE (email);


--
-- Name: useraccount_user_groups useraccount_user_groups_pkey; Type: CONSTRAINT; Schema: public; Owner: postgresuser
--

ALTER TABLE ONLY public.useraccount_user_groups
    ADD CONSTRAINT useraccount_user_groups_pkey PRIMARY KEY (id);


--
-- Name: useraccount_user_groups useraccount_user_groups_user_id_group_id_793452f9_uniq; Type: CONSTRAINT; Schema: public; Owner: postgresuser
--

ALTER TABLE ONLY public.useraccount_user_groups
    ADD CONSTRAINT useraccount_user_groups_user_id_group_id_793452f9_uniq UNIQUE (user_id, group_id);


--
-- Name: useraccount_user useraccount_user_pkey; Type: CONSTRAINT; Schema: public; Owner: postgresuser
--

ALTER TABLE ONLY public.useraccount_user
    ADD CONSTRAINT useraccount_user_pkey PRIMARY KEY (id);


--
-- Name: useraccount_user_user_permissions useraccount_user_user_pe_user_id_permission_id_47dceb51_uniq; Type: CONSTRAINT; Schema: public; Owner: postgresuser
--

ALTER TABLE ONLY public.useraccount_user_user_permissions
    ADD CONSTRAINT useraccount_user_user_pe_user_id_permission_id_47dceb51_uniq UNIQUE (user_id, permission_id);


--
-- Name: useraccount_user_user_permissions useraccount_user_user_permissions_pkey; Type: CONSTRAINT; Schema: public; Owner: postgresuser
--

ALTER TABLE ONLY public.useraccount_user_user_permissions
    ADD CONSTRAINT useraccount_user_user_permissions_pkey PRIMARY KEY (id);


--
-- Name: account_emailaddress_email_03be32b2_like; Type: INDEX; Schema: public; Owner: postgresuser
--

CREATE INDEX account_emailaddress_email_03be32b2_like ON public.account_emailaddress USING btree (email varchar_pattern_ops);


--
-- Name: account_emailaddress_user_id_2c513194; Type: INDEX; Schema: public; Owner: postgresuser
--

CREATE INDEX account_emailaddress_user_id_2c513194 ON public.account_emailaddress USING btree (user_id);


--
-- Name: account_emailconfirmation_email_address_id_5b7f8c58; Type: INDEX; Schema: public; Owner: postgresuser
--

CREATE INDEX account_emailconfirmation_email_address_id_5b7f8c58 ON public.account_emailconfirmation USING btree (email_address_id);


--
-- Name: account_emailconfirmation_key_f43612bd_like; Type: INDEX; Schema: public; Owner: postgresuser
--

CREATE INDEX account_emailconfirmation_key_f43612bd_like ON public.account_emailconfirmation USING btree (key varchar_pattern_ops);


--
-- Name: auth_group_name_a6ea08ec_like; Type: INDEX; Schema: public; Owner: postgresuser
--

CREATE INDEX auth_group_name_a6ea08ec_like ON public.auth_group USING btree (name varchar_pattern_ops);


--
-- Name: auth_group_permissions_group_id_b120cbf9; Type: INDEX; Schema: public; Owner: postgresuser
--

CREATE INDEX auth_group_permissions_group_id_b120cbf9 ON public.auth_group_permissions USING btree (group_id);


--
-- Name: auth_group_permissions_permission_id_84c5c92e; Type: INDEX; Schema: public; Owner: postgresuser
--

CREATE INDEX auth_group_permissions_permission_id_84c5c92e ON public.auth_group_permissions USING btree (permission_id);


--
-- Name: auth_permission_content_type_id_2f476e4b; Type: INDEX; Schema: public; Owner: postgresuser
--

CREATE INDEX auth_permission_content_type_id_2f476e4b ON public.auth_permission USING btree (content_type_id);


--
-- Name: authtoken_token_key_10f0b77e_like; Type: INDEX; Schema: public; Owner: postgresuser
--

CREATE INDEX authtoken_token_key_10f0b77e_like ON public.authtoken_token USING btree (key varchar_pattern_ops);


--
-- Name: chat_conversation_users_conversation_id_4c0fbe59; Type: INDEX; Schema: public; Owner: postgresuser
--

CREATE INDEX chat_conversation_users_conversation_id_4c0fbe59 ON public.chat_conversation_users USING btree (conversation_id);


--
-- Name: chat_conversation_users_user_id_37f0921c; Type: INDEX; Schema: public; Owner: postgresuser
--

CREATE INDEX chat_conversation_users_user_id_37f0921c ON public.chat_conversation_users USING btree (user_id);


--
-- Name: django_admin_log_content_type_id_c4bce8eb; Type: INDEX; Schema: public; Owner: postgresuser
--

CREATE INDEX django_admin_log_content_type_id_c4bce8eb ON public.django_admin_log USING btree (content_type_id);


--
-- Name: django_admin_log_user_id_c564eba6; Type: INDEX; Schema: public; Owner: postgresuser
--

CREATE INDEX django_admin_log_user_id_c564eba6 ON public.django_admin_log USING btree (user_id);


--
-- Name: django_session_expire_date_a5c62663; Type: INDEX; Schema: public; Owner: postgresuser
--

CREATE INDEX django_session_expire_date_a5c62663 ON public.django_session USING btree (expire_date);


--
-- Name: django_session_session_key_c0390e0f_like; Type: INDEX; Schema: public; Owner: postgresuser
--

CREATE INDEX django_session_session_key_c0390e0f_like ON public.django_session USING btree (session_key varchar_pattern_ops);


--
-- Name: property_property_favorited_property_id_8b3f7d6a; Type: INDEX; Schema: public; Owner: postgresuser
--

CREATE INDEX property_property_favorited_property_id_8b3f7d6a ON public.property_property_favorited USING btree (property_id);


--
-- Name: property_property_favorited_user_id_97ccb23a; Type: INDEX; Schema: public; Owner: postgresuser
--

CREATE INDEX property_property_favorited_user_id_97ccb23a ON public.property_property_favorited USING btree (user_id);


--
-- Name: property_property_landlord_id_2229dcf1; Type: INDEX; Schema: public; Owner: postgresuser
--

CREATE INDEX property_property_landlord_id_2229dcf1 ON public.property_property USING btree (landlord_id);


--
-- Name: property_propertyimage_property_id_78cae2f2; Type: INDEX; Schema: public; Owner: postgresuser
--

CREATE INDEX property_propertyimage_property_id_78cae2f2 ON public.property_propertyimage USING btree (property_id);


--
-- Name: property_reservation_created_by_id_7fe96819; Type: INDEX; Schema: public; Owner: postgresuser
--

CREATE INDEX property_reservation_created_by_id_7fe96819 ON public.property_reservation USING btree (created_by_id);


--
-- Name: property_reservation_property_id_6bda3f3f; Type: INDEX; Schema: public; Owner: postgresuser
--

CREATE INDEX property_reservation_property_id_6bda3f3f ON public.property_reservation USING btree (property_id);


--
-- Name: useraccount_user_email_ad0e8321_like; Type: INDEX; Schema: public; Owner: postgresuser
--

CREATE INDEX useraccount_user_email_ad0e8321_like ON public.useraccount_user USING btree (email varchar_pattern_ops);


--
-- Name: useraccount_user_groups_group_id_9d49cea4; Type: INDEX; Schema: public; Owner: postgresuser
--

CREATE INDEX useraccount_user_groups_group_id_9d49cea4 ON public.useraccount_user_groups USING btree (group_id);


--
-- Name: useraccount_user_groups_user_id_fcea8d7d; Type: INDEX; Schema: public; Owner: postgresuser
--

CREATE INDEX useraccount_user_groups_user_id_fcea8d7d ON public.useraccount_user_groups USING btree (user_id);


--
-- Name: useraccount_user_user_permissions_permission_id_e65de47b; Type: INDEX; Schema: public; Owner: postgresuser
--

CREATE INDEX useraccount_user_user_permissions_permission_id_e65de47b ON public.useraccount_user_user_permissions USING btree (permission_id);


--
-- Name: useraccount_user_user_permissions_user_id_8fe888bb; Type: INDEX; Schema: public; Owner: postgresuser
--

CREATE INDEX useraccount_user_user_permissions_user_id_8fe888bb ON public.useraccount_user_user_permissions USING btree (user_id);


--
-- Name: account_emailaddress account_emailaddress_user_id_2c513194_fk_useraccount_user_id; Type: FK CONSTRAINT; Schema: public; Owner: postgresuser
--

ALTER TABLE ONLY public.account_emailaddress
    ADD CONSTRAINT account_emailaddress_user_id_2c513194_fk_useraccount_user_id FOREIGN KEY (user_id) REFERENCES public.useraccount_user(id) DEFERRABLE INITIALLY DEFERRED;


--
-- Name: account_emailconfirmation account_emailconfirm_email_address_id_5b7f8c58_fk_account_e; Type: FK CONSTRAINT; Schema: public; Owner: postgresuser
--

ALTER TABLE ONLY public.account_emailconfirmation
    ADD CONSTRAINT account_emailconfirm_email_address_id_5b7f8c58_fk_account_e FOREIGN KEY (email_address_id) REFERENCES public.account_emailaddress(id) DEFERRABLE INITIALLY DEFERRED;


--
-- Name: auth_group_permissions auth_group_permissio_permission_id_84c5c92e_fk_auth_perm; Type: FK CONSTRAINT; Schema: public; Owner: postgresuser
--

ALTER TABLE ONLY public.auth_group_permissions
    ADD CONSTRAINT auth_group_permissio_permission_id_84c5c92e_fk_auth_perm FOREIGN KEY (permission_id) REFERENCES public.auth_permission(id) DEFERRABLE INITIALLY DEFERRED;


--
-- Name: auth_group_permissions auth_group_permissions_group_id_b120cbf9_fk_auth_group_id; Type: FK CONSTRAINT; Schema: public; Owner: postgresuser
--

ALTER TABLE ONLY public.auth_group_permissions
    ADD CONSTRAINT auth_group_permissions_group_id_b120cbf9_fk_auth_group_id FOREIGN KEY (group_id) REFERENCES public.auth_group(id) DEFERRABLE INITIALLY DEFERRED;


--
-- Name: auth_permission auth_permission_content_type_id_2f476e4b_fk_django_co; Type: FK CONSTRAINT; Schema: public; Owner: postgresuser
--

ALTER TABLE ONLY public.auth_permission
    ADD CONSTRAINT auth_permission_content_type_id_2f476e4b_fk_django_co FOREIGN KEY (content_type_id) REFERENCES public.django_content_type(id) DEFERRABLE INITIALLY DEFERRED;


--
-- Name: authtoken_token authtoken_token_user_id_35299eff_fk_useraccount_user_id; Type: FK CONSTRAINT; Schema: public; Owner: postgresuser
--

ALTER TABLE ONLY public.authtoken_token
    ADD CONSTRAINT authtoken_token_user_id_35299eff_fk_useraccount_user_id FOREIGN KEY (user_id) REFERENCES public.useraccount_user(id) DEFERRABLE INITIALLY DEFERRED;


--
-- Name: chat_conversation_users chat_conversation_us_conversation_id_4c0fbe59_fk_chat_conv; Type: FK CONSTRAINT; Schema: public; Owner: postgresuser
--

ALTER TABLE ONLY public.chat_conversation_users
    ADD CONSTRAINT chat_conversation_us_conversation_id_4c0fbe59_fk_chat_conv FOREIGN KEY (conversation_id) REFERENCES public.chat_conversation(id) DEFERRABLE INITIALLY DEFERRED;


--
-- Name: chat_conversation_users chat_conversation_users_user_id_37f0921c_fk_useraccount_user_id; Type: FK CONSTRAINT; Schema: public; Owner: postgresuser
--

ALTER TABLE ONLY public.chat_conversation_users
    ADD CONSTRAINT chat_conversation_users_user_id_37f0921c_fk_useraccount_user_id FOREIGN KEY (user_id) REFERENCES public.useraccount_user(id) DEFERRABLE INITIALLY DEFERRED;


--
-- Name: django_admin_log django_admin_log_content_type_id_c4bce8eb_fk_django_co; Type: FK CONSTRAINT; Schema: public; Owner: postgresuser
--

ALTER TABLE ONLY public.django_admin_log
    ADD CONSTRAINT django_admin_log_content_type_id_c4bce8eb_fk_django_co FOREIGN KEY (content_type_id) REFERENCES public.django_content_type(id) DEFERRABLE INITIALLY DEFERRED;


--
-- Name: django_admin_log django_admin_log_user_id_c564eba6_fk_useraccount_user_id; Type: FK CONSTRAINT; Schema: public; Owner: postgresuser
--

ALTER TABLE ONLY public.django_admin_log
    ADD CONSTRAINT django_admin_log_user_id_c564eba6_fk_useraccount_user_id FOREIGN KEY (user_id) REFERENCES public.useraccount_user(id) DEFERRABLE INITIALLY DEFERRED;


--
-- Name: property_property_favorited property_property_fa_property_id_8b3f7d6a_fk_property_; Type: FK CONSTRAINT; Schema: public; Owner: postgresuser
--

ALTER TABLE ONLY public.property_property_favorited
    ADD CONSTRAINT property_property_fa_property_id_8b3f7d6a_fk_property_ FOREIGN KEY (property_id) REFERENCES public.property_property(id) DEFERRABLE INITIALLY DEFERRED;


--
-- Name: property_property_favorited property_property_fa_user_id_97ccb23a_fk_useraccou; Type: FK CONSTRAINT; Schema: public; Owner: postgresuser
--

ALTER TABLE ONLY public.property_property_favorited
    ADD CONSTRAINT property_property_fa_user_id_97ccb23a_fk_useraccou FOREIGN KEY (user_id) REFERENCES public.useraccount_user(id) DEFERRABLE INITIALLY DEFERRED;


--
-- Name: property_property property_property_landlord_id_2229dcf1_fk_useraccount_user_id; Type: FK CONSTRAINT; Schema: public; Owner: postgresuser
--

ALTER TABLE ONLY public.property_property
    ADD CONSTRAINT property_property_landlord_id_2229dcf1_fk_useraccount_user_id FOREIGN KEY (landlord_id) REFERENCES public.useraccount_user(id) DEFERRABLE INITIALLY DEFERRED;


--
-- Name: property_propertyimage property_propertyima_property_id_78cae2f2_fk_property_; Type: FK CONSTRAINT; Schema: public; Owner: postgresuser
--

ALTER TABLE ONLY public.property_propertyimage
    ADD CONSTRAINT property_propertyima_property_id_78cae2f2_fk_property_ FOREIGN KEY (property_id) REFERENCES public.property_property(id) DEFERRABLE INITIALLY DEFERRED;


--
-- Name: property_reservation property_reservation_created_by_id_7fe96819_fk_useraccou; Type: FK CONSTRAINT; Schema: public; Owner: postgresuser
--

ALTER TABLE ONLY public.property_reservation
    ADD CONSTRAINT property_reservation_created_by_id_7fe96819_fk_useraccou FOREIGN KEY (created_by_id) REFERENCES public.useraccount_user(id) DEFERRABLE INITIALLY DEFERRED;


--
-- Name: property_reservation property_reservation_property_id_6bda3f3f_fk_property_; Type: FK CONSTRAINT; Schema: public; Owner: postgresuser
--

ALTER TABLE ONLY public.property_reservation
    ADD CONSTRAINT property_reservation_property_id_6bda3f3f_fk_property_ FOREIGN KEY (property_id) REFERENCES public.property_property(id) DEFERRABLE INITIALLY DEFERRED;


--
-- Name: useraccount_user_groups useraccount_user_groups_group_id_9d49cea4_fk_auth_group_id; Type: FK CONSTRAINT; Schema: public; Owner: postgresuser
--

ALTER TABLE ONLY public.useraccount_user_groups
    ADD CONSTRAINT useraccount_user_groups_group_id_9d49cea4_fk_auth_group_id FOREIGN KEY (group_id) REFERENCES public.auth_group(id) DEFERRABLE INITIALLY DEFERRED;


--
-- Name: useraccount_user_groups useraccount_user_groups_user_id_fcea8d7d_fk_useraccount_user_id; Type: FK CONSTRAINT; Schema: public; Owner: postgresuser
--

ALTER TABLE ONLY public.useraccount_user_groups
    ADD CONSTRAINT useraccount_user_groups_user_id_fcea8d7d_fk_useraccount_user_id FOREIGN KEY (user_id) REFERENCES public.useraccount_user(id) DEFERRABLE INITIALLY DEFERRED;


--
-- Name: useraccount_user_user_permissions useraccount_user_use_permission_id_e65de47b_fk_auth_perm; Type: FK CONSTRAINT; Schema: public; Owner: postgresuser
--

ALTER TABLE ONLY public.useraccount_user_user_permissions
    ADD CONSTRAINT useraccount_user_use_permission_id_e65de47b_fk_auth_perm FOREIGN KEY (permission_id) REFERENCES public.auth_permission(id) DEFERRABLE INITIALLY DEFERRED;


--
-- Name: useraccount_user_user_permissions useraccount_user_use_user_id_8fe888bb_fk_useraccou; Type: FK CONSTRAINT; Schema: public; Owner: postgresuser
--

ALTER TABLE ONLY public.useraccount_user_user_permissions
    ADD CONSTRAINT useraccount_user_use_user_id_8fe888bb_fk_useraccou FOREIGN KEY (user_id) REFERENCES public.useraccount_user(id) DEFERRABLE INITIALLY DEFERRED;


--
-- PostgreSQL database dump complete
--

